{
  "response": {
    "version": "0.1",
    "termsofService": "http://www.wunderground.com/weather/api/d/terms.html",
    "features": {
      "forecast": 1
    }
  },
  "forecast": {
    "txtForecast": {
      "date": "4:04 PM CET",
      "forecastday": [
        {
          "period": 0,
          "icon": "clear",
          "iconUrl": "http://icons.wxug.com/i/c/k/clear.gif",
          "title": "Friday",
          "fcttext": "Mostly clear. Lows overnight in the low 30s.",
          "fcttextMetric": "Mostly clear. Low 1C.",
          "pop": "10"
        },
        {
          "period": 1,
          "icon": "nt_clear",
          "iconUrl": "http://icons.wxug.com/i/c/k/nt_clear.gif",
          "title": "Friday Night",
          "fcttext": "Mostly clear. Low 33F. Winds light and variable.",
          "fcttextMetric": "Mainly clear skies. Low 1C. Winds light and variable.",
          "pop": "10"
        },
        {
          "period": 2,
          "icon": "clear",
          "iconUrl": "http://icons.wxug.com/i/c/k/clear.gif",
          "title": "Saturday",
          "fcttext": "Mostly sunny skies. High 58F. Winds light and variable.",
          "fcttextMetric": "Mostly sunny skies. High around 15C. Winds light and variable.",
          "pop": "10"
        },
        {
          "period": 3,
          "icon": "nt_partlycloudy",
          "iconUrl": "http://icons.wxug.com/i/c/k/nt_partlycloudy.gif",
          "title": "Saturday Night",
          "fcttext": "Mostly cloudy skies early will become partly cloudy late. Low around 40F. Winds N at 5 to 10 mph.",
          "fcttextMetric": "Mostly cloudy skies early will become partly cloudy late. Low around 5C. Winds N at 10 to 15 km/h.",
          "pop": "10"
        },
        {
          "period": 4,
          "icon": "partlycloudy",
          "iconUrl": "http://icons.wxug.com/i/c/k/partlycloudy.gif",
          "title": "Sunday",
          "fcttext": "Sunshine and clouds mixed. High 58F. Winds NE at 10 to 15 mph.",
          "fcttextMetric": "Sunshine and clouds mixed. High around 15C. Winds NE at 15 to 25 km/h.",
          "pop": "10"
        },
        {
          "period": 5,
          "icon": "nt_clear",
          "iconUrl": "http://icons.wxug.com/i/c/k/nt_clear.gif",
          "title": "Sunday Night",
          "fcttext": "Clear skies. Low 36F. Winds NNE at 5 to 10 mph.",
          "fcttextMetric": "Clear skies. Low 3C. Winds NNE at 10 to 15 km/h.",
          "pop": "10"
        },
        {
          "period": 6,
          "icon": "clear",
          "iconUrl": "http://icons.wxug.com/i/c/k/clear.gif",
          "title": "Monday",
          "fcttext": "Sunny skies. High 58F. Winds NE at 10 to 15 mph.",
          "fcttextMetric": "A mainly sunny sky. High near 15C. Winds NE at 10 to 15 km/h.",
          "pop": "10"
        },
        {
          "period": 7,
          "icon": "nt_clear",
          "iconUrl": "http://icons.wxug.com/i/c/k/nt_clear.gif",
          "title": "Monday Night",
          "fcttext": "Clear skies. Low 36F. Winds NE at 5 to 10 mph.",
          "fcttextMetric": "Clear skies. Low 2C. Winds NE at 10 to 15 km/h.",
          "pop": "10"
        }
      ]
    },
    "simpleforecast": {
      "forecastday": [
        {
          "date": {
            "epoch": "1487354400",
            "pretty": "7:00 PM CET on February 17, 2017",
            "day": 17,
            "month": 2,
            "year": 2017,
            "yday": 47,
            "hour": 19,
            "min": "00",
            "sec": 0,
            "isdst": "0",
            "monthname": "February",
            "monthnameShort": "Feb",
            "weekdayShort": "Fri",
            "weekday": "Friday",
            "ampm": "PM",
            "tzShort": "CET",
            "tzLong": "Europe/Madrid"
          },
          "period": 1,
          "high": {
            "fahrenheit": "59",
            "celsius": "15"
          },
          "low": {
            "fahrenheit": "33",
            "celsius": "1"
          },
          "conditions": "Clear",
          "icon": "clear",
          "iconUrl": "http://icons.wxug.com/i/c/k/clear.gif",
          "skyicon": "",
          "pop": 10,
          "qpfAllday": {
            "in": 0.0,
            "mm": 0
          },
          "qpfDay": {
            "in": null,
            "mm": null
          },
          "qpfNight": {
            "in": 0.0,
            "mm": 0
          },
          "snowAllday": {
            "in": 0.0,
            "cm": 0.0
          },
          "snowDay": {
            "in": null,
            "cm": null
          },
          "snowNight": {
            "in": 0.0,
            "cm": 0.0
          },
          "maxwind": {
            "mph": 2,
            "kph": 4,
            "dir": "North",
            "degrees": 0
          },
          "avewind": {
            "mph": 0,
            "kph": 0,
            "dir": "Variable",
            "degrees": 0
          },
          "avehumidity": 75,
          "maxhumidity": 0,
          "minhumidity": 0
        },
        {
          "date": {
            "epoch": "1487440800",
            "pretty": "7:00 PM CET on February 18, 2017",
            "day": 18,
            "month": 2,
            "year": 2017,
            "yday": 48,
            "hour": 19,
            "min": "00",
            "sec": 0,
            "isdst": "0",
            "monthname": "February",
            "monthnameShort": "Feb",
            "weekdayShort": "Sat",
            "weekday": "Saturday",
            "ampm": "PM",
            "tzShort": "CET",
            "tzLong": "Europe/Madrid"
          },
          "period": 2,
          "high": {
            "fahrenheit": "58",
            "celsius": "14"
          },
          "low": {
            "fahrenheit": "40",
            "celsius": "4"
          },
          "conditions": "Clear",
          "icon": "clear",
          "iconUrl": "http://icons.wxug.com/i/c/k/clear.gif",
          "skyicon": "",
          "pop": 10,
          "qpfAllday": {
            "in": 0.0,
            "mm": 0
          },
          "qpfDay": {
            "in": 0.0,
            "mm": 0
          },
          "qpfNight": {
            "in": 0.0,
            "mm": 0
          },
          "snowAllday": {
            "in": 0.0,
            "cm": 0.0
          },
          "snowDay": {
            "in": 0.0,
            "cm": 0.0
          },
          "snowNight": {
            "in": 0.0,
            "cm": 0.0
          },
          "maxwind": {
            "mph": 5,
            "kph": 8,
            "dir": "W",
            "degrees": 268
          },
          "avewind": {
            "mph": 4,
            "kph": 6,
            "dir": "W",
            "degrees": 268
          },
          "avehumidity": 65,
          "maxhumidity": 0,
          "minhumidity": 0
        },
        {
          "date": {
            "epoch": "1487527200",
            "pretty": "7:00 PM CET on February 19, 2017",
            "day": 19,
            "month": 2,
            "year": 2017,
            "yday": 49,
            "hour": 19,
            "min": "00",
            "sec": 0,
            "isdst": "0",
            "monthname": "February",
            "monthnameShort": "Feb",
            "weekdayShort": "Sun",
            "weekday": "Sunday",
            "ampm": "PM",
            "tzShort": "CET",
            "tzLong": "Europe/Madrid"
          },
          "period": 3,
          "high": {
            "fahrenheit": "58",
            "celsius": "14"
          },
          "low": {
            "fahrenheit": "36",
            "celsius": "2"
          },
          "conditions": "Partly Cloudy",
          "icon": "partlycloudy",
          "iconUrl": "http://icons.wxug.com/i/c/k/partlycloudy.gif",
          "skyicon": "",
          "pop": 10,
          "qpfAllday": {
            "in": 0.0,
            "mm": 0
          },
          "qpfDay": {
            "in": 0.0,
            "mm": 0
          },
          "qpfNight": {
            "in": 0.0,
            "mm": 0
          },
          "snowAllday": {
            "in": 0.0,
            "cm": 0.0
          },
          "snowDay": {
            "in": 0.0,
            "cm": 0.0
          },
          "snowNight": {
            "in": 0.0,
            "cm": 0.0
          },
          "maxwind": {
            "mph": 15,
            "kph": 24,
            "dir": "NE",
            "degrees": 48
          },
          "avewind": {
            "mph": 10,
            "kph": 16,
            "dir": "NE",
            "degrees": 48
          },
          "avehumidity": 64,
          "maxhumidity": 0,
          "minhumidity": 0
        },
        {
          "date": {
            "epoch": "1487613600",
            "pretty": "7:00 PM CET on February 20, 2017",
            "day": 20,
            "month": 2,
            "year": 2017,
            "yday": 50,
            "hour": 19,
            "min": "00",
            "sec": 0,
            "isdst": "0",
            "monthname": "February",
            "monthnameShort": "Feb",
            "weekdayShort": "Mon",
            "weekday": "Monday",
            "ampm": "PM",
            "tzShort": "CET",
            "tzLong": "Europe/Madrid"
          },
          "period": 4,
          "high": {
            "fahrenheit": "58",
            "celsius": "14"
          },
          "low": {
            "fahrenheit": "36",
            "celsius": "2"
          },
          "conditions": "Clear",
          "icon": "clear",
          "iconUrl": "http://icons.wxug.com/i/c/k/clear.gif",
          "skyicon": "",
          "pop": 10,
          "qpfAllday": {
            "in": 0.0,
            "mm": 0
          },
          "qpfDay": {
            "in": 0.0,
            "mm": 0
          },
          "qpfNight": {
            "in": 0.0,
            "mm": 0
          },
          "snowAllday": {
            "in": 0.0,
            "cm": 0.0
          },
          "snowDay": {
            "in": 0.0,
            "cm": 0.0
          },
          "snowNight": {
            "in": 0.0,
            "cm": 0.0
          },
          "maxwind": {
            "mph": 15,
            "kph": 24,
            "dir": "NE",
            "degrees": 51
          },
          "avewind": {
            "mph": 10,
            "kph": 16,
            "dir": "NE",
            "degrees": 51
          },
          "avehumidity": 62,
          "maxhumidity": 0,
          "minhumidity": 0
        }
      ]
    }
  }
}